{"cameraMode":{"drawMode":0,"name":"Shaded","section":"Shading Mode"},"sceneLighting":false,"audioPlay":false,"sceneViewState":{"showFog":true,"showMaterialUpdate":false,"showSkybox":false,"showFlares":true,"showImageEffects":true,"showParticleSystems":true},"in2DMode":false,"pivot":{"x":-1.0637359619140626,"y":0.37968018651008608,"z":2.7150228023529054},"rotation":{"x":-0.03574056550860405,"y":0.964041531085968,"z":-0.19642575085163117,"w":-0.17542664706707},"size":0.7979457974433899,"orthographic":false}