{"cameraMode":{"drawMode":0,"name":"Shaded","section":"Shading Mode"},"sceneLighting":true,"audioPlay":false,"sceneViewState":{"showFog":true,"showMaterialUpdate":false,"showSkybox":true,"showFlares":true,"showImageEffects":true,"showParticleSystems":true},"in2DMode":false,"pivot":{"x":0.4776737093925476,"y":-0.49534082412719729,"z":0.05789828300476074},"rotation":{"x":0.38647449016571047,"y":-0.019366135820746423,"z":0.008117156103253365,"w":0.9220613241195679},"size":2.6545183658599855,"orthographic":false}